School,Nickname,City,State,Conference,Type
Abilene Christian University,Wildcats,Abilene,Texas,Southland Conference,Private/Churches of Christ
University of Akron,Zips,Akron,Ohio,Mid-American Conference,State
University of Alabama,Crimson Tide,Tuscaloosa,Alabama,Southeastern Conference,State
Alabama Agricultural and Mechanical University,Bulldogs and Lady Bulldogs,Huntsville,Alabama,Southwestern Athletic Conference,State
University of Alabama at Birmingham,Blazers,Birmingham,Alabama,Conference USA,State
Alabama State University,Hornets and Lady Hornets,Montgomery,Alabama,Southwestern Athletic Conference,State
"University at Albany, SUNY",Great Danes,Albany,New York,America East Conference,State
Alcorn State University,Braves and Lady Braves,Lorman,Mississippi,Southwestern Athletic Conference,State
American University,Eagles,Washington,District of Columbia,Patriot League,Private/Methodist
Appalachian State University,Mountaineers,Boone,North Carolina,Sun Belt Conference,State
University of Arizona,Wildcats,Tucson,Arizona,Pac-12 Conference,State
Arizona State University,Sun Devils,Tempe,Arizona,Pac-12 Conference,State
University of Arkansas,Razorbacks and Razorback women[A 1],Fayetteville,Arkansas,Southeastern Conference,State
University of Arkansas at Little Rock[A 2],Trojans,Little Rock,Arkansas,Sun Belt Conference,State
University of Arkansas at Pine Bluff,Golden Lions and Golden Lady Lions,Pine Bluff,Arkansas,Southwestern Athletic Conference,State
Arkansas State University,Red Wolves,Jonesboro,Arkansas,Sun Belt Conference,State
Auburn University,Tigers,Auburn,Alabama,Southeastern Conference,State
Austin Peay State University,Governors and Lady Govs,Clarksville,Tennessee,Ohio Valley Conference,State
Ball State University,Cardinals,Muncie,Indiana,Mid-American Conference,State
Baylor University,Bears and Lady Bears,Waco,Texas,Big 12 Conference,Private/Baptist
Belmont University,Bruins,Nashville,Tennessee,Ohio Valley Conference,Private/Christian
Bethune-Cookman University,Wildcats,Daytona Beach,Florida,Mid-Eastern Athletic Conference,Private/Methodist
Binghamton University,Bearcats,Vestal,New York,America East Conference,State
Boise State University,Broncos,Boise,Idaho,Mountain West Conference,State
Boston College,Eagles,Chestnut Hill,Massachusetts,Atlantic Coast Conference,Private/Catholic
Boston University,Terriers,Boston,Massachusetts,Patriot League,Private/Non-sectarian
Bowling Green State University,Falcons,Bowling Green,Ohio,Mid-American Conference,State
Bradley University,Braves,Peoria,Illinois,Missouri Valley Conference,Private/Non-Sectarian
Brigham Young University,Cougars,Provo,Utah,West Coast Conference,Private/Latter-Day Saints
Brown University,Bears,Providence,Rhode Island,Ivy League,Private/Non-Sectarian
Bryant University,Bulldogs,Smithfield,Rhode Island,Northeast Conference,Private/Non-Sectarian
Bucknell University,Bison,Lewisburg,Pennsylvania,Patriot League,Private/Non-Sectarian
University at Buffalo,Bulls,Buffalo,New York,Mid-American Conference,State
Butler University,Bulldogs,Indianapolis,Indiana,Big East Conference[a],Private/Non-Sectarian
"University of California, Berkeley",Golden Bears,Berkeley,California,Pac-12 Conference,State
"University of California, Davis",Aggies,Davis,California,Big West Conference[b],State
"University of California, Irvine",Anteaters,Irvine,California,Big West Conference,State
"University of California, Los Angeles",Bruins,Los Angeles,California,Pac-12 Conference,State
California Polytechnic State University,Mustangs,San Luis Obispo,California,Big West Conference[b],State
"University of California, Riverside",Highlanders,Riverside,California,Big West Conference,State
"University of California, Santa Barbara",Gauchos,Santa Barbara,California,Big West Conference,State
"California State University, Bakersfield",Roadrunners,Bakersfield,California,Western Athletic Conference[c],State
"California State University, Fresno",Bulldogs,Fresno,California,Mountain West Conference,State
"California State University, Fullerton",Titans,Fullerton,California,Big West Conference,State
"California State University, Long Beach",49ers[A 3],Long Beach,California,Big West Conference,State
"California State University, Northridge",Matadors,Northridge,California,Big West Conference,State
"California State University, Sacramento",Hornets,Sacramento,California,Big Sky Conference,State
Campbell University,Fighting Camels and Lady Camels,Buies Creek,North Carolina,Big South Conference,Private/Baptist
Canisius College,Golden Griffins,Buffalo,New York,Metro Atlantic Athletic Conference,Private/Catholic
University of Central Arkansas,Bears and Sugar Bears,Conway,Arkansas,Southland Conference,State
Central Connecticut State University,Blue Devils,New Britain,Connecticut,Northeast Conference,State
University of Central Florida,Knights,Orlando,Florida,American Athletic Conference,State
Central Michigan University,Chippewas,Mount Pleasant,Michigan,Mid-American Conference,State
College of Charleston[A 4],Cougars,Charleston,South Carolina,Colonial Athletic Association,State
Charleston Southern University,Buccaneers[A 5],Charleston,South Carolina,Big South Conference,Private/Baptist
Chicago State University[A 6],Cougars,Chicago,Illinois,Western Athletic Conference,State
University of Cincinnati,Bearcats,Cincinnati,Ohio,American Athletic Conference,State
The Citadel,Bulldogs,Charleston,South Carolina,Southern Conference,State
Clemson University,Tigers,Clemson,South Carolina,Atlantic Coast Conference,State
Cleveland State University,Vikings,Cleveland,Ohio,Horizon League,State
Coastal Carolina University,Chanticleers,Conway,South Carolina,Sun Belt Conference,State
Colgate University,Raiders,Hamilton,New York,Patriot League,Private/Non-sectarian
University of Colorado Boulder,Buffaloes,Boulder,Colorado,Pac-12 Conference,State
Colorado State University,Rams,Fort Collins,Colorado,Mountain West Conference,State
Columbia University,Lions,Manhattan,New York,Ivy League,Private/Non-sectarian
University of Connecticut,Huskies,Storrs,Connecticut,American Athletic Conference,State
Coppin State University,Eagles,Baltimore,Maryland,Mid-Eastern Athletic Conference,State
Cornell University,Big Red,Ithaca,New York,Ivy League,Private/Statutory state
Creighton University,Bluejays,Omaha,Nebraska,Big East Conference,Private/Catholic
Dartmouth College,Big Green,Hanover,New Hampshire,Ivy League,Private/Non-sectarian
Davidson College,Wildcats,Davidson,North Carolina,Atlantic 10 Conference[a],Private/Presbyterian
University of Dayton,Flyers,Dayton,Ohio,Atlantic 10 Conference[a],Private/Catholic
University of Delaware,Fightin' Blue Hens,Newark,Delaware,Colonial Athletic Association,Private-state hybrid
Delaware State University,Hornets and Lady Hornets,Dover,Delaware,Mid-Eastern Athletic Conference,State
University of Denver,Pioneers,Denver,Colorado,The Summit League,Private/Non-sectarian
DePaul University,Blue Demons,Chicago,Illinois,Big East Conference,Private/Catholic
University of Detroit Mercy,Titans,Detroit,Michigan,Horizon League,Private/Catholic
Drake University,Bulldogs,Des Moines,Iowa,Missouri Valley Conference[a],Private/Non-sectarian
Drexel University,Dragons,Philadelphia,Pennsylvania,Colonial Athletic Association,Private/Non-sectarian
Duke University,Blue Devils,Durham,North Carolina,Atlantic Coast Conference,Private/Non-sectarian
Duquesne University,Dukes,Pittsburgh,Pennsylvania,Atlantic 10 Conference[d],Private/Catholic
East Carolina University,Pirates and Lady Pirates,Greenville,North Carolina,American Athletic Conference,State
East Tennessee State University,Buccaneers and Lady Buccaneers,Johnson City,Tennessee,Southern Conference,State
Eastern Illinois University,Panthers,Charleston,Illinois,Ohio Valley Conference,State
Eastern Kentucky University,Colonels,Richmond,Kentucky,Ohio Valley Conference,State
Eastern Michigan University,Eagles,Ypsilanti,Michigan,Mid-American Conference,State
Eastern Washington University,Eagles,Cheney,Washington,Big Sky Conference,State
Elon University,Phoenix,Elon,North Carolina,Colonial Athletic Association,Private/Non-sectarian
University of Evansville,Purple Aces,Evansville,Indiana,Missouri Valley Conference,Private/Methodist
Fairfield University,Stags,Fairfield,Connecticut,Metro Atlantic Athletic Conference,Private/Catholic
Fairleigh Dickinson University,Knights,Hackensack,New Jersey,Northeast Conference,Private/Non-sectarian
University of Florida,Gators,Gainesville,Florida,Southeastern Conference,State
Florida A&M University,Rattlers and Lady Rattlers,Tallahassee,Florida,Mid-Eastern Athletic Conference,State
Florida Atlantic University,Owls,Boca Raton,Florida,Conference USA,State
Florida Gulf Coast University,Eagles,Fort Myers,Florida,Atlantic Sun Conference,State
Florida International University,Panthers,Miami,Florida,Conference USA,State
Florida State University,Seminoles,Tallahassee,Florida,Atlantic Coast Conference,State
Fordham University,Rams,Bronx,New York,Atlantic 10 Conference[e],Private/Catholic
Furman University,Paladins and Lady Paladins,Greenville,South Carolina,Southern Conference,Private/Non-sectarian
Gardner–Webb University,Runnin' Bulldogs,Boiling Springs,North Carolina,Big South Conference,Private/Baptist
George Mason University,Patriots,Fairfax,Virginia,Atlantic 10 Conference,State
George Washington University,Colonials,Washington,District of Columbia,Atlantic 10 Conference,Private/Non-sectarian
Georgetown University,Hoyas,Washington,District of Columbia,Big East Conference[e],Private/Catholic
University of Georgia,Bulldogs and Lady Bulldogs[A 7],Athens,Georgia,Southeastern Conference,State
Georgia Institute of Technology,Yellow Jackets,Atlanta,Georgia,Atlantic Coast Conference,State
Georgia Southern University,Eagles and Lady Eagles,Statesboro,Georgia,Sun Belt Conference,State
Georgia State University,Panthers,Atlanta,Georgia,Sun Belt Conference,State
Gonzaga University,Bulldogs,Spokane,Washington,West Coast Conference,Private/Catholic
Grambling State University,Tigers and Lady Tigers,Grambling,Louisiana,Southwestern Athletic Conference,State
Grand Canyon University,Antelopes,Phoenix,Arizona,Western Athletic Conference,Private/Christian
Hampton University,Pirates and Lady Pirates,Hampton,Virginia,Big South Conference[f],Private/Non-sectarian
University of Hartford,Hawks,West Hartford,Connecticut,America East Conference,Private/Non-sectarian
Harvard University,Crimson,Cambridge[A 8],Massachusetts,Ivy League,Private/Non-sectarian
University of Hawaii at Manoa,Rainbow Warriors and Rainbow Wahine[A 9],Honolulu,Hawaii,Big West Conference[g],State
High Point University,Panthers,High Point,North Carolina,Big South Conference,Private/Methodist
Hofstra University,Pride,Hempstead,New York,Colonial Athletic Association,Private/Non-sectarian
College of the Holy Cross,Crusaders,Worcester,Massachusetts,Patriot League,Private/Catholic
University of Houston,Cougars,Houston,Texas,American Athletic Conference,State
Houston Baptist University,Huskies,Houston,Texas,Southland Conference,Private/Baptist
Howard University,Bison and Lady Bison,Washington,District of Columbia,Mid-Eastern Athletic Conference,Private/Non-sectarian
University of Idaho,Vandals,Moscow,Idaho,Big Sky Conference,State
Idaho State University,Bengals,Pocatello,Idaho,Big Sky Conference,State
University of Illinois at Chicago,Flames[A 10],Chicago,Illinois,Horizon League,State
Illinois State University,Redbirds,Normal,Illinois,Missouri Valley Conference[h],State
University of Illinois at Urbana–Champaign,Fighting Illini,Urbana–Champaign,Illinois,Big Ten Conference,State
University of the Incarnate Word,Cardinals,San Antonio,Texas,Southland Conference,Private/Catholic
Indiana University,Hoosiers,Bloomington,Indiana,Big Ten Conference,State
Indiana State University,Sycamores,Terre Haute,Indiana,Missouri Valley Conference[h],State
Indiana University – Purdue University Indianapolis,Jaguars,Indianapolis,Indiana,Horizon League,State
Iona College,Gaels,New Rochelle,New York,Metro Atlantic Athletic Conference,Private/Catholic
University of Iowa,Hawkeyes,Iowa City,Iowa,Big Ten Conference,State
Iowa State University,Cyclones,Ames,Iowa,Big 12 Conference,State
Jackson State University,Tigers and Lady Tigers,Jackson,Mississippi,Southwestern Athletic Conference,State
Jacksonville University,Dolphins,Jacksonville,Florida,Atlantic Sun Conference[a],Private/Non-Sectarian
Jacksonville State University,Gamecocks,Jacksonville,Alabama,Ohio Valley Conference,State
James Madison University,Dukes,Harrisonburg,Virginia,Colonial Athletic Association,State
University of Kansas,Jayhawks,Lawrence,Kansas,Big 12 Conference,State
Kansas State University,Wildcats,Manhattan,Kansas,Big 12 Conference,State
Kennesaw State University,Owls and Lady Owls,Kennesaw,Georgia,Atlantic Sun Conference[i],State
Kent State University,Golden Flashes,Kent,Ohio,Mid-American Conference,State
University of Kentucky,Wildcats,Lexington,Kentucky,Southeastern Conference,State
La Salle University,Explorers,Philadelphia,Pennsylvania,Atlantic 10 Conference,Private/Catholic
Lafayette College,Leopards,Easton,Pennsylvania,Patriot League,Private/Presbyterian
Lamar University,Cardinals and Lady Cardinals,Beaumont,Texas,Southland Conference,State
Lehigh University,Mountain Hawks,Bethlehem,Pennsylvania,Patriot League,Private/Non-Sectarian
Liberty University,Flames and Lady Flames,Lynchburg,Virginia,Atlantic Sun Conference[j],Private/Christian
Lipscomb University,Bisons and Lady Bisons,Nashville,Tennessee,Atlantic Sun Conference,Private/Churches of Christ
Long Island University–Brooklyn,Blackbirds,Brooklyn,New York,Northeast Conference,Private/Non-Sectarian
Longwood University,Lancers,Farmville,Virginia,Big South Conference,State
University of Louisiana at Lafayette[A 11],Ragin' Cajuns,Lafayette,Louisiana,Sun Belt Conference,State
University of Louisiana at Monroe,Warhawks,Monroe,Louisiana,Sun Belt Conference,State
Louisiana State University,Tigers and Lady Tigers[A 12],Baton Rouge,Louisiana,Southeastern Conference,State
Louisiana Tech University,Bulldogs and Lady Techsters,Ruston,Louisiana,Conference USA,State
University of Louisville,Cardinals,Louisville,Kentucky,Atlantic Coast Conference,State
Loyola University Chicago,Ramblers[A 13],Chicago,Illinois,Missouri Valley Conference,Private/Catholic
Loyola University Maryland,Greyhounds,Baltimore,Maryland,Patriot League,Private/Catholic
Loyola Marymount University,Lions,Los Angeles,California,West Coast Conference,Private/Catholic
University of Maine,Black Bears,Orono,Maine,America East Conference,State
Manhattan College,Jaspers and Lady Jaspers,Riverdale,New York,Metro Atlantic Athletic Conference,Private/Catholic
Marist College,Red Foxes,Poughkeepsie,New York,Metro Atlantic Athletic Conference[a],Private/Catholic
Marquette University,Golden Eagles,Milwaukee,Wisconsin,Big East Conference,Private/Catholic
Marshall University,Thundering Herd,Huntington,West Virginia,Conference USA,State
"University of Maryland, Baltimore County",Retrievers,Catonsville,Maryland,America East Conference,State
"University of Maryland, College Park",Terrapins,College Park,Maryland,Big Ten Conference,State
University of Maryland Eastern Shore,Hawks and Lady Hawks,Princess Anne,Maryland,Mid-Eastern Athletic Conference,State
University of Massachusetts Amherst,Minutemen and Minutewomen[A 14],Amherst,Massachusetts,Atlantic 10 Conference[k],State
University of Massachusetts Lowell,River Hawks,Lowell,Massachusetts,America East Conference,State
McNeese State University,Cowboys and Cowgirls,Lake Charles,Louisiana,Southland Conference,State
University of Memphis,Tigers,Memphis,Tennessee,American Athletic Conference,State
Mercer University,Bears,Macon,Georgia,Southern Conference,Private/Non-Sectarian
University of Miami,Hurricanes[A 15],Coral Gables,Florida,Atlantic Coast Conference,Private/Non-Sectarian
Miami University,Redhawks[A 16],Oxford,Ohio,Mid-American Conference,State
University of Michigan,Wolverines,Ann Arbor,Michigan,Big Ten Conference,State
Michigan State University,Spartans,East Lansing,Michigan,Big Ten Conference,State
Middle Tennessee State University,Blue Raiders,Murfreesboro,Tennessee,Conference USA,State
University of Minnesota,Golden Gophers,Minneapolis–Saint Paul,Minnesota,Big Ten Conference,State
University of Mississippi,Rebels[A 17],Oxford,Mississippi,Southeastern Conference,State
Mississippi State University,Bulldogs,Starkville,Mississippi,Southeastern Conference,State
Mississippi Valley State University,Delta Devils and Devilettes,Itta Bena,Mississippi,Southwestern Athletic Conference,State
University of Missouri,Tigers,Columbia,Missouri,Southeastern Conference,State
University of Missouri–Kansas City,Kangaroos,Kansas City,Missouri,Western Athletic Conference,State
Missouri State University,Bears and Lady Bears,Springfield,Missouri,Missouri Valley Conference[h],State
Monmouth University,Hawks,West Long Branch,New Jersey,Metro Atlantic Athletic Conference[i],Private/Non-Sectarian
University of Montana,Grizzlies[A 18],Missoula,Montana,Big Sky Conference,State
Montana State University,Bobcats,Bozeman,Montana,Big Sky Conference,State
Morehead State University,Eagles,Morehead,Kentucky,Ohio Valley Conference[a],State
Morgan State University,Bears and Lady Bears,Baltimore,Maryland,Mid-Eastern Athletic Conference,State
Mount St. Mary's University,Mountaineers,Emmitsburg,Maryland,Northeast Conference,Private/Catholic
Murray State University,Racers[A 19],Murray,Kentucky,Ohio Valley Conference,State
University of Nebraska–Lincoln,Cornhuskers,Lincoln,Nebraska,Big Ten Conference,State
University of Nebraska Omaha,Mavericks[A 20],Omaha,Nebraska,The Summit League,State
"University of Nevada, Las Vegas",Rebels[A 21],Paradise,Nevada,Mountain West Conference,State
"University of Nevada, Reno",Wolf Pack,Reno,Nevada,Mountain West Conference,State
University of New Hampshire,Wildcats,Durham,New Hampshire,America East Conference,State
New Jersey Institute of Technology,Highlanders,Newark,New Jersey,Atlantic Sun Conference,State
University of New Mexico,Lobos,Albuquerque,New Mexico,Mountain West Conference,State
New Mexico State University,Aggies,Las Cruces,New Mexico,Western Athletic Conference[l],State
University of New Orleans,Privateers,New Orleans,Louisiana,Southland Conference,State
Niagara University,Purple Eagles,Lewiston,New York,Metro Atlantic Athletic Conference,Private/Catholic
Nicholls State University,Colonels,Thibodaux,Louisiana,Southland Conference,State
Norfolk State University,Spartans,Norfolk,Virginia,Mid-Eastern Athletic Conference,State
North Carolina Agricultural and Technical State University,Aggies,Greensboro,North Carolina,Mid-Eastern Athletic Conference,State
University of North Carolina at Asheville,Bulldogs,Asheville,North Carolina,Big South Conference,State
North Carolina Central University,Eagles,Durham,North Carolina,Mid-Eastern Athletic Conference,State
University of North Carolina at Chapel Hill,Tar Heels,Chapel Hill,North Carolina,Atlantic Coast Conference,State
University of North Carolina at Charlotte,49ers,Charlotte,North Carolina,Conference USA,State
University of North Carolina at Greensboro,Spartans[A 22],Greensboro,North Carolina,Southern Conference,State
North Carolina State University,Wolfpack,Raleigh,North Carolina,Atlantic Coast Conference,State
University of North Carolina at Wilmington,Seahawks,Wilmington,North Carolina,Colonial Athletic Association,State
University of North Dakota,Fighting Hawks[A 23],Grand Forks,North Dakota,The Summit League[m],State
North Dakota State University,Bison,Fargo,North Dakota,The Summit League[h],State
University of North Florida,Ospreys and Lady Ospreys,Jacksonville,Florida,Atlantic Sun Conference,State
University of North Texas,Mean Green,Denton,Texas,Conference USA,State
Northeastern University,Huskies,Boston,Massachusetts,Colonial Athletic Association,Private/Non-Sectarian
Northern Arizona University,Lumberjacks,Flagstaff,Arizona,Big Sky Conference,State
University of Northern Colorado,Bears,Greeley,Colorado,Big Sky Conference,State
Northern Illinois University,Huskies,DeKalb,Illinois,Mid-American Conference,State
University of Northern Iowa,Panthers,Cedar Falls,Iowa,Missouri Valley Conference[h],State
Northern Kentucky University,Norse,Highland Heights,Kentucky,Horizon League,State
Northwestern University,Wildcats,Evanston,Illinois,Big Ten Conference,Private/Non-Sectarian
Northwestern State University,Demons and Lady Demons,Natchitoches,Louisiana,Southland Conference,State
University of Notre Dame,Fighting Irish,South Bend,Indiana,Atlantic Coast Conference[n],Private/Catholic
Oakland University,Golden Grizzlies,Rochester,Michigan,Horizon League,State
Ohio University,Bobcats,Athens,Ohio,Mid-American Conference,State
The Ohio State University,Buckeyes,Columbus,Ohio,Big Ten Conference,State
University of Oklahoma,Sooners,Norman,Oklahoma,Big 12 Conference,State
Oklahoma State University–Stillwater,Cowboys and Cowgirls,Stillwater,Oklahoma,Big 12 Conference,State
Old Dominion University,Monarchs and Lady Monarchs,Norfolk,Virginia,Conference USA,State
Oral Roberts University,Golden Eagles,Tulsa,Oklahoma,The Summit League,Private/Christian
University of Oregon,Ducks,Eugene,Oregon,Pac-12 Conference,State
Oregon State University,Beavers,Corvallis,Oregon,Pac-12 Conference,State
University of the Pacific,Tigers,Stockton,California,West Coast Conference,Private/Methodist
University of Pennsylvania,Quakers,Philadelphia,Pennsylvania,Ivy League,Private/Non-Sectarian
Pennsylvania State University,Nittany Lions[A 24],State College,Pennsylvania,Big Ten Conference,State-related
Pepperdine University,Waves,Malibu,California,West Coast Conference,Private/Churches of Christ
University of Pittsburgh,Panthers[A 25],Pittsburgh,Pennsylvania,Atlantic Coast Conference,State-related
University of Portland,Pilots,Portland,Oregon,West Coast Conference,Private/Catholic
Portland State University,Vikings,Portland,Oregon,Big Sky Conference,State
Prairie View A&M University,Panthers and Lady Panthers,Prairie View,Texas,Southwestern Athletic Conference,State
Presbyterian College,Blue Hose,Clinton,South Carolina,Big South Conference[o],Private/Presbyterian
Princeton University,Tigers,Princeton,New Jersey,Ivy League,Private/Non-Sectarian
Providence College,Friars,Providence,Rhode Island,Big East Conference,Private/Catholic
Purdue University,Boilermakers,West Lafayette,Indiana,Big Ten Conference,State
Purdue University Fort Wayne[p],Mastodons,Fort Wayne,Indiana,The Summit League,State
Quinnipiac University,Bobcats,Hamden,Connecticut,Metro Atlantic Athletic Conference,Private/Non-Sectarian
Radford University,Highlanders,Radford,Virginia,Big South Conference,State
University of Rhode Island,Rams,Kingston,Rhode Island,Atlantic 10 Conference,State
Rice University,Owls,Houston,Texas,Conference USA,Private/Non-Sectarian
University of Richmond,Spiders,Richmond,Virginia,Atlantic 10 Conference,Private/Non-Sectarian
Rider University,Broncs,Lawrenceville,New Jersey,Metro Atlantic Athletic Conference,Private/Non-Sectarian
Robert Morris University,Colonials,Moon Township,Pennsylvania,Northeast Conference,Private/Non-Sectarian
Rutgers University,Scarlet Knights,New Brunswick,New Jersey,Big Ten Conference,State-private hybrid
Sacred Heart University,Pioneers,Fairfield,Connecticut,Northeast Conference,Private/Catholic
St. Bonaventure University,Bonnies,St. Bonaventure,New York,Atlantic 10 Conference,Private/Catholic
St. Francis College,Terriers[A 26],Brooklyn,New York,Northeast Conference,Private/Catholic
Saint Francis University,Red Flash[A 27],Loretto,Pennsylvania,Northeast Conference,Private/Catholic
St. John's University,Red Storm[A 28],Jamaica,New York,Big East Conference,Private/Catholic
Saint Joseph's University,Hawks[A 29],Philadelphia,Pennsylvania,Atlantic 10 Conference,Private/Catholic
Saint Louis University,Billikens,St. Louis,Missouri,Atlantic 10 Conference,Private/Catholic
Saint Mary's College of California,Gaels,Moraga,California,West Coast Conference,Private/Catholic
Saint Peter's University,Peacocks and Peahens,Jersey City,New Jersey,Metro Atlantic Athletic Conference,Private/Catholic
Sam Houston State University,Bearkats,Huntsville,Texas,Southland Conference,State
Samford University,Bulldogs,Homewood,Alabama,Southern Conference,Private/Baptist
University of San Diego,Toreros,San Diego,California,West Coast Conference[a],Private/Catholic
San Diego State University,Aztecs,San Diego,California,Mountain West Conference,State
University of San Francisco,Dons,San Francisco,California,West Coast Conference,Private/Catholic
San Jose State University,Spartans,San Jose,California,Mountain West Conference,State
Santa Clara University,Broncos,Santa Clara,California,West Coast Conference,Private/Catholic
Savannah State University,Tigers and Lady Tigers,Savannah,Georgia,Mid-Eastern Athletic Conference[q],State
Seattle University,Redhawks,Seattle,Washington,Western Athletic Conference,Private/Catholic
Seton Hall University,Pirates,South Orange,New Jersey,Big East Conference,Private/Catholic
Siena College,Saints,Loudonville,New York,Metro Atlantic Athletic Conference,Private/Catholic
University of South Alabama,Jaguars,Mobile,Alabama,Sun Belt Conference,State
University of South Carolina,Gamecocks,Columbia,South Carolina,Southeastern Conference,State
South Carolina State University,Bulldogs and Lady Bulldogs,Orangeburg,South Carolina,Mid-Eastern Athletic Conference,State
University of South Carolina Upstate,Spartans[A 30],Spartanburg,South Carolina,Big South Conference,State
University of South Dakota,Coyotes,Vermillion,South Dakota,The Summit League[h],State
South Dakota State University,Jackrabbits,Brookings,South Dakota,The Summit League[h],State
University of South Florida,Bulls,Tampa,Florida,American Athletic Conference,State
Southeast Missouri State University,Redhawks,Cape Girardeau,Missouri,Ohio Valley Conference,State
Southeastern Louisiana University,Lions and Lady Lions,Hammond,Louisiana,Southland Conference,State
Southern University,Jaguars and Lady Jaguars,Baton Rouge,Louisiana,Southwestern Athletic Conference,State
University of Southern California,Trojans[A 31][A 32],Los Angeles,California,Pac-12 Conference,Private/Non-Sectarian
Southern Illinois University Carbondale,Salukis,Carbondale,Illinois,Missouri Valley Conference[h],State
Southern Illinois University Edwardsville,Cougars[A 33],Edwardsville,Illinois,Ohio Valley Conference,State
Southern Methodist University,Mustangs,University Park,Texas,American Athletic Conference,Private/Methodist
University of Southern Mississippi,Golden Eagles and Lady Eagles,Hattiesburg,Mississippi,Conference USA,State
Southern Utah University,Thunderbirds,Cedar City,Utah,Big Sky Conference,State
Stanford University,Cardinal,Palo Alto,California,Pac-12 Conference,Private/Non-Sectarian
Stephen F. Austin State University,Lumberjacks and Ladyjacks,Nacogdoches,Texas,Southland Conference,State
Stetson University,Hatters,DeLand,Florida,Atlantic Sun Conference[a],Private/Non-Sectarian
Stony Brook University,Seawolves,Stony Brook,New York,America East Conference,State
Syracuse University,Orange,Syracuse,New York,Atlantic Coast Conference,Private/Methodist
Temple University,Owls,Philadelphia,Pennsylvania,American Athletic Conference,State-related
University of Tennessee,Volunteers and Lady Vols[A 34],Knoxville,Tennessee,Southeastern Conference,State
University of Tennessee at Chattanooga,Mocs and Lady Mocs,Chattanooga,Tennessee,Southern Conference,State
University of Tennessee at Martin,Skyhawks,Martin,Tennessee,Ohio Valley Conference,State
Tennessee State University,Tigers and Lady Tigers,Nashville,Tennessee,Ohio Valley Conference,State
Tennessee Technological University,Golden Eagles,Cookeville,Tennessee,Ohio Valley Conference,State
Texas A&M University,Aggies,College Station,Texas,Southeastern Conference,State
Texas A&M University–Corpus Christi,Islanders,Corpus Christi,Texas,Southland Conference,State
University of Texas at Arlington,Mavericks,Arlington,Texas,Sun Belt Conference,State
University of Texas at Austin,Longhorns,Austin,Texas,Big 12 Conference,State
Texas Christian University,Horned Frogs and Lady Frogs,Fort Worth,Texas,Big 12 Conference,Private/Disciples of Christ
University of Texas at El Paso,Miners,El Paso,Texas,Conference USA,State
University of Texas Rio Grande Valley,Vaqueros,Edinburg[A 35],Texas,Conference USA,State
University of Texas at San Antonio,Roadrunners,San Antonio,Texas,Conference USA,State
Texas Southern University,Tigers and Lady Tigers,Houston,Texas,Southwestern Athletic Conference,State
Texas State University,Bobcats,San Marcos,Texas,Sun Belt Conference,State
Texas Tech University,Red Raiders[A 36],Lubbock,Texas,Big 12 Conference,State
University of Toledo,Rockets,Toledo,Ohio,Mid-American Conference,State
Towson University,Tigers,Towson,Maryland,Colonial Athletic Association,State
Troy University,Trojans,Troy,Alabama,Sun Belt Conference,State
Tulane University,Green Wave,New Orleans,Louisiana,American Athletic Conference,Private/Non-Sectarian
University of Tulsa,Golden Hurricane,Tulsa,Oklahoma,American Athletic Conference,Private/Presbyterian
United States Air Force Academy (Air Force),Falcons,Colorado Springs,Colorado,Mountain West Conference,Federal academy
United States Military Academy (Army)[A 37],Black Knights,West Point,New York,Patriot League[r],Federal academy
United States Naval Academy (Navy),Midshipmen,Annapolis,Maryland,Patriot League[s],Federal academy
University of Utah,Utes[A 38],Salt Lake City,Utah,Pac-12 Conference,State
Utah State University,Aggies,Logan,Utah,Mountain West Conference,State
Utah Valley University,Wolverines,Orem,Utah,Western Athletic Conference,State
Valparaiso University,Crusaders,Valparaiso,Indiana,Missouri Valley Conference[a],Private/Lutheran
Vanderbilt University,Commodores,Nashville,Tennessee,Southeastern Conference,Private/Non-Sectarian
University of Vermont,Catamounts,Burlington,Vermont,America East Conference,State
Villanova University,Wildcats,Radnor Township,Pennsylvania,Big East Conference,Private/Catholic
University of Virginia,Cavaliers,Charlottesville,Virginia,Atlantic Coast Conference,State
Virginia Commonwealth University,Rams,Richmond,Virginia,Atlantic 10 Conference,State
Virginia Military Institute,Keydets,Lexington,Virginia,Southern Conference,State
Virginia Tech[A 39],Hokies,Blacksburg,Virginia,Atlantic Coast Conference,State
Wagner College,Seahawks,Staten Island,New York,Northeast Conference,Private/Lutheran
Wake Forest University,Demon Deacons,Winston-Salem,North Carolina,Atlantic Coast Conference,Private/Non-Sectarian
University of Washington,Huskies,Seattle,Washington,Pac-12 Conference,State
Washington State University,Cougars,Pullman,Washington,Pac-12 Conference,State
Weber State University,Wildcats,Ogden,Utah,Big Sky Conference,State
West Virginia University,Mountaineers,Morgantown,West Virginia,Big 12 Conference,State
Western Carolina University,Catamounts,Cullowhee,North Carolina,Southern Conference,State
Western Illinois University,Leathernecks,Macomb,Illinois,The Summit League[h],State
Western Kentucky University,Hilltoppers and Lady Toppers,Bowling Green,Kentucky,Conference USA,State
Western Michigan University,Broncos,Kalamazoo,Michigan,Mid-American Conference,State
Wichita State University,Shockers,Wichita,Kansas,American Athletic Conference,State
College of William & Mary,Tribe,Williamsburg,Virginia,Colonial Athletic Association,State
Winthrop University,Eagles,Rock Hill,South Carolina,Big South Conference,State
University of Wisconsin–Green Bay,Phoenix[A 40],Green Bay,Wisconsin,Horizon League,State
University of Wisconsin–Madison,Badgers,Madison,Wisconsin,Big Ten Conference,State
University of Wisconsin–Milwaukee,Panthers[A 41],Milwaukee,Wisconsin,Horizon League,State
Wofford College,Terriers,Spartanburg,South Carolina,Southern Conference,Private/Methodist
Wright State University,Raiders,Fairborn,Ohio,Horizon League,State
University of Wyoming,Cowboys and Cowgirls,Laramie,Wyoming,Mountain West Conference,State
Xavier University,Musketeers,Cincinnati,Ohio,Big East Conference,Private/Catholic
Yale University,Bulldogs,New Haven,Connecticut,Ivy League,Private/Non-Sectarian
Youngstown State University,Penguins,Youngstown,Ohio,Horizon League[h],State
